time,question,answer,compute,word_cnt,model,inference_engine,note
1.580195044633001,Write a poem like Jordan Peterson.,"In the labyrinth of existence, where chaos and order intertwine,

I, the humble narrator, weave a tale, a narrative fine.

Mankind, a fragile edifice, upon the earth's grand design,

Bearers of the sacred fire, the sparks of life, divine.

Awaken, O reader, from slumber deep,
Beyond the veil of shadows, where illusions creep.

Embrace the pain, the struggle, the bitter taste,
The sweetness of the triumph, the warmth of grace.

The cosmos whispers in the wind, in the rustle of the leaves,
In the gentle cradle of the mother's arms, in the heartbeats of the eve.

Seek meaning in the patterns, in the ancient, timeless dance,
In the echoes of the past, in",NVIDIA GeForce RTX 4090,113,Mistral-7B-Instruct-v0.2,mlc,mlc mistral 7b q4f16_1
1.4809223939664662,Write a poem like Tom Cruise from mission impossible.,"In the shadowed realm of clandestine, where the covert world unfolds,
I, the enigmatic, agile, and unyielding, grasp the unspoken call.

Mission impossible, the labyrinthine, the intricate maze,
Where time and space converge, a puzzle to be deciphered, a dance to be swayed.

Through the smoky veil of the unknown, I tread with calculated grace,
Beneath the watchful gaze of adversaries, the relentless, unyielding, unforgiving, ruthless chase.

I, the intrepid, the daring, the unwavering, the unbroken,
Defy the odds, the impossible, the unimaginable, the unspoken.

A silent bullet, a swift and deadly dance,
In the heart of the storm,",NVIDIA GeForce RTX 4090,99,Mistral-7B-Instruct-v0.2,mlc,mlc mistral 7b q4f16_1
1.63043083390221,"Write a story in the style of James Joyce about a trip to the Australian outback in 2083, to see robots in the beautiful desert.","In the waning twilight of the twenty-eighth century, a solitary figure, the enigmatic Quasimodo O'Reilly, embarked upon a pilgrimage to the farthest reaches of the earth, to the vast, sun-scorched expanse of the Australian outback. His quest, a journey into the heart of the unknown, a quest to bear witness to the wonders of the modern age.

As the last vestiges of the sun's golden rays receded, the land was bathed in an ethereal glow, a symphony of light and shadow that danced upon the undulating dunes. Quasimodo, his heart filled with a sense of wonder and trepidation, trudged onward, his weary feet propelled by the promise of the marvels that lay ahead.

The air was thick with the scent of eucalyptus, the",NVIDIA GeForce RTX 4090,123,Mistral-7B-Instruct-v0.2,mlc,mlc mistral 7b q4f16_1
0.8652754658833146,Who does Harry turn into a balloon?,"I apologize for the confusion in my previous response. In the Harry Potter series, there is no instance where Harry turns someone into a balloon. Harry Potter is a popular fictional character from J.K. Rowling's eponymous fantasy series, and his adventures primarily involve the use of a magical wand and various spells. If you have any questions about the Harry Potter series or any other literary work, please don't hesitate to ask!",NVIDIA GeForce RTX 4090,72,Mistral-7B-Instruct-v0.2,mlc,mlc mistral 7b q4f16_1
1.8400820749811828,Write a tale about a time-traveling historian who's determined to witness the most significant events in human history.,"In the annals of time, where the past, present, and future weave a complex tapestry, there existed an enigmatic figure, Dr. Aloysius Chronos, a historian of unparalleled curiosity and determination. He was a man possessed, driven by an insatiable thirst for knowledge, a man who would stop at nothing to bear witness to the most significant events in human history.

Armed with his trusty time-traveling contraption, the Chrono-Scope, Dr. Chronos embarked upon a journey that would take him across the eons, from the cradle of civilization to the dawn of the modern age.

First, he found himself in the hallowed halls of the Parthenon, bearing witness to the splendor of ancient Athens, where the philosophers Plato and Aristotle held court, and the great plays of Sophocles and Euripides were",NVIDIA GeForce RTX 4090,129,Mistral-7B-Instruct-v0.2,mlc,mlc mistral 7b q4f16_1
0.3891718853265047,What is the product of 9 and 8?,"The product of the numbers 9 and 8 is 72. To find the product, you multiply the two numbers together: 9 x 8 = 72.",NVIDIA GeForce RTX 4090,25,Mistral-7B-Instruct-v0.2,mlc,mlc mistral 7b q4f16_1
1.1610037740319967,"If a train travels 120 kilometers in 2 hours, what is its average speed?","To find the average speed of the train, you can use the formula:

Average speed = Total distance / Total time

Given that the train travels a total distance of 120 kilometers and does so in 2 hours, you can calculate the average speed as follows:

Average speed = 120 kilometers / 2 hours

Average speed = 60 kilometers per hour (km/h)

Therefore, the train's average speed is 60 kilometers per hour.",NVIDIA GeForce RTX 4090,72,Mistral-7B-Instruct-v0.2,mlc,mlc mistral 7b q4f16_1
2.0246544149704278,"Think through this step by step. If the sequence a_n is defined by a_1 = 3, a_2 = 5, and a_n = a_(n-1) + a_(n-2) for n > 2, find a_6.","To find the value of a\_6 in the given sequence, we need to apply the defined recursive relationship for n = 3, 4, and 5, and then find the value for n = 6.

Given that a\_1 = 3 and a\_2 = 5, we have:

a\_3 = a\_2 + a\_1 = 5 +3 = 8
a\_4 = a\_3 + a\_2 = 8 + 5 = 13
a\_5 = a\_4 + a\_3 = 13 + 8 = 21

Now, we can find a\_6:
a\_6 = a\_5 + a\_4 = 21 + 13 = 34

Therefore, the value of a\_6 in the given sequence is 34.",NVIDIA GeForce RTX 4090,104,Mistral-7B-Instruct-v0.2,mlc,mlc mistral 7b q4f16_1
